"ChEMBL ID";"Name";"Synonyms";"Type";"Max Phase";"Molecular Weight";"Targets";"Bioactivities";"AlogP";"Polar Surface Area";"HBA";"HBD";"#RO5 Violations";"#Rotatable Bonds";"Passes Ro3";"QED Weighted";"CX Acidic pKa";"CX Basic pKa";"CX LogP";"CX LogD";"Aromatic Rings";"Structure Type";"Inorganic Flag";"Heavy Atoms";"HBA (Lipinski)";"HBD (Lipinski)";"#RO5 Violations (Lipinski)";"Molecular Weight (Monoisotopic)";"Np Likeness Score";"Molecular Species";"Molecular Formula";"Smiles";"Inchi Key";"Inchi";"Withdrawn Flag";"Orphan"
"CHEMBL1277792";"";"";"Small molecule";"";"409.88";"2";"2";"2.96";"80.24";"6";"1";"0";"5";"N";"0.70";"12.74";"5.47";"2.03";"2.03";"3";"MOL";"-1";"29";"7";"1";"0";"409.1306";"-1.73";"NEUTRAL";"C21H20ClN5O2";"O=C(NCc1ccncc1N1CCOCC1)c1cncc(-c2ccc(Cl)cc2)n1";"XODADHNSUQUULV-UHFFFAOYSA-N";"InChI=1S/C21H20ClN5O2/c22-17-3-1-15(2-4-17)18-12-24-13-19(26-18)21(28)25-11-16-5-6-23-14-20(16)27-7-9-29-10-8-27/h1-6,12-14H,7-11H2,(H,25,28)";"False";"-1"
"CHEMBL400355";"";"";"Small molecule";"";"336.78";"1";"1";"5.33";"58.03";"2";"2";"1";"3";"N";"0.53";"13.87";"None";"4.40";"4.40";"4";"MOL";"-1";"24";"4";"2";"1";"336.0666";"-1.49";"NEUTRAL";"C19H13ClN2O2";"O=C(Nc1ccc2cc[nH]c2c1)c1ccc(-c2ccc(Cl)cc2)o1";"OVESJEVEMVKRJZ-UHFFFAOYSA-N";"InChI=1S/C19H13ClN2O2/c20-14-4-1-13(2-5-14)17-7-8-18(24-17)19(23)22-15-6-3-12-9-10-21-16(12)11-15/h1-11,21H,(H,22,23)";"False";"-1"
"CHEMBL4464990";"";"";"Unknown";"";"537.54";"14";"56";"4.65";"97.31";"7";"1";"1";"5";"N";"0.47";"5.44";"6.07";"2.59";"2.32";"3";"MOL";"-1";"37";"8";"1";"1";"537.1458";"-1.24";"ACID";"C24H23F4N5O3S";"O=S(=O)(Nc1ccncn1)c1cc2c(cc1F)[C@@H](N1CC[C@H](C(F)(F)F)C[C@@H]1c1ccccn1)CCO2";"XQUOWYVEKSXNET-RYGJVYDSSA-N";"InChI=1S/C24H23F4N5O3S/c25-17-12-16-19(33-9-5-15(24(26,27)28)11-20(33)18-3-1-2-7-30-18)6-10-36-21(16)13-22(17)37(34,35)32-23-4-8-29-14-31-23/h1-4,7-8,12-15,19-20H,5-6,9-11H2,(H,29,31,32)/t15-,19-,20+/m0/s1";"False";"-1"
"CHEMBL1276881";"";"";"Small molecule";"";"408.77";"5";"5";"4.02";"77.00";"5";"1";"0";"5";"N";"0.65";"13.75";"0.92";"3.79";"3.79";"3";"MOL";"-1";"28";"6";"1";"0";"408.0601";"-1.61";"NEUTRAL";"C18H12ClF3N4O2";"O=C(NCc1cccnc1Cl)c1cncc(-c2ccc(OC(F)(F)F)cc2)n1";"RJLVNBBRFOUABG-UHFFFAOYSA-N";"InChI=1S/C18H12ClF3N4O2/c19-16-12(2-1-7-24-16)8-25-17(27)15-10-23-9-14(26-15)11-3-5-13(6-4-11)28-18(20,21)22/h1-7,9-10H,8H2,(H,25,27)";"False";"-1"
"CHEMBL254384";"";"";"Small molecule";"";"311.77";"1";"1";"5.16";"42.24";"2";"1";"1";"3";"N";"0.73";"None";"None";"4.89";"4.89";"3";"MOL";"-1";"22";"3";"1";"1";"311.0713";"-1.31";"NEUTRAL";"C18H14ClNO2";"Cc1cccc(NC(=O)c2coc(-c3ccc(Cl)cc3)c2)c1";"IIFLBSPFMNFHBT-UHFFFAOYSA-N";"InChI=1S/C18H14ClNO2/c1-12-3-2-4-16(9-12)20-18(21)14-10-17(22-11-14)13-5-7-15(19)8-6-13/h2-11H,1H3,(H,20,21)";"False";"-1"
"CHEMBL250443";"";"";"Small molecule";"";"361.32";"8";"17";"5.41";"51.47";"3";"1";"1";"4";"N";"0.68";"None";"None";"5.64";"5.64";"3";"MOL";"-1";"26";"4";"1";"1";"361.0926";"-1.66";"NEUTRAL";"C19H14F3NO3";"Cc1cccc(NC(=O)c2ccc(-c3ccc(OC(F)(F)F)cc3)o2)c1";"CNFVTGOGEPWRJO-UHFFFAOYSA-N";"InChI=1S/C19H14F3NO3/c1-12-3-2-4-14(11-12)23-18(24)17-10-9-16(25-17)13-5-7-15(8-6-13)26-19(20,21)22/h2-11H,1H3,(H,23,24)";"False";"-1"
"CHEMBL1271308";"";"";"Small molecule";"";"386.37";"4";"5";"5.52";"51.22";"3";"1";"1";"4";"N";"0.64";"None";"1.71";"6.34";"6.34";"3";"MOL";"-1";"28";"4";"1";"1";"386.1242";"-1.49";"NEUTRAL";"C21H17F3N2O2";"Cc1cc(C)cc(NC(=O)c2ccnc(-c3ccc(OC(F)(F)F)cc3)c2)c1";"XNTXVPMZYCOUIA-UHFFFAOYSA-N";"InChI=1S/C21H17F3N2O2/c1-13-9-14(2)11-17(10-13)26-20(27)16-7-8-25-19(12-16)15-3-5-18(6-4-15)28-21(22,23)24/h3-12H,1-2H3,(H,26,27)";"False";"-1"
"CHEMBL1270100";"";"";"Small molecule";"";"358.23";"4";"4";"4.38";"54.88";"3";"1";"0";"4";"N";"0.70";"13.86";"3.24";"3.41";"3.41";"3";"MOL";"-1";"24";"4";"1";"0";"357.0436";"-1.63";"NEUTRAL";"C18H13Cl2N3O";"O=C(NCc1cccnc1Cl)c1cncc(-c2ccc(Cl)cc2)c1";"JJLXCDLYMWHMIF-UHFFFAOYSA-N";"InChI=1S/C18H13Cl2N3O/c19-16-5-3-12(4-6-16)14-8-15(10-21-9-14)18(24)23-11-13-2-1-7-22-17(13)20/h1-10H,11H2,(H,23,24)";"False";"-1"
"CHEMBL400960";"";"";"Small molecule";"";"291.73";"1";"2";"3.07";"42.68";"3";"0";"0";"2";"N";"0.85";"None";"None";"2.28";"2.28";"2";"MOL";"-1";"20";"4";"0";"0";"291.0662";"-1.73";"NEUTRAL";"C15H14ClNO3";"O=C(c1ccc(-c2ccc(Cl)cc2)o1)N1CCOCC1";"HNHRDYWSUVNYTP-UHFFFAOYSA-N";"InChI=1S/C15H14ClNO3/c16-12-3-1-11(2-4-12)13-5-6-14(20-13)15(18)17-7-9-19-10-8-17/h1-6H,7-10H2";"False";"-1"
"CHEMBL1271206";"";"";"Small molecule";"";"386.37";"4";"5";"5.52";"51.22";"3";"1";"1";"4";"N";"0.64";"None";"3.14";"5.95";"5.95";"3";"MOL";"-1";"28";"4";"1";"1";"386.1242";"-1.45";"NEUTRAL";"C21H17F3N2O2";"Cc1cc(C)cc(NC(=O)c2cncc(-c3ccc(OC(F)(F)F)cc3)c2)c1";"QLGKRCSGYMDFCH-UHFFFAOYSA-N";"InChI=1S/C21H17F3N2O2/c1-13-7-14(2)9-18(8-13)26-20(27)17-10-16(11-25-12-17)15-3-5-19(6-4-15)28-21(22,23)24/h3-12H,1-2H3,(H,26,27)";"False";"-1"
"CHEMBL1277608";"";"";"Small molecule";"";"310.74";"1";"1";"3.44";"67.77";"4";"1";"0";"3";"N";"0.80";"None";"4.36";"2.44";"2.43";"3";"MOL";"-1";"22";"5";"1";"0";"310.0621";"-1.89";"NEUTRAL";"C16H11ClN4O";"O=C(Nc1cccnc1)c1cncc(-c2ccc(Cl)cc2)n1";"JJSHHDVJICWJAP-UHFFFAOYSA-N";"InChI=1S/C16H11ClN4O/c17-12-5-3-11(4-6-12)14-9-19-10-15(21-14)16(22)20-13-2-1-7-18-8-13/h1-10H,(H,20,22)";"False";"-1"
"CHEMBL1277699";"";"";"Small molecule";"";"324.77";"2";"2";"3.12";"67.77";"4";"1";"0";"4";"N";"0.80";"13.80";"4.82";"2.14";"2.14";"3";"MOL";"-1";"23";"5";"1";"0";"324.0778";"-1.74";"NEUTRAL";"C17H13ClN4O";"O=C(NCc1cccnc1)c1cncc(-c2ccc(Cl)cc2)n1";"RTLCJBCGHVLAIU-UHFFFAOYSA-N";"InChI=1S/C17H13ClN4O/c18-14-5-3-13(4-6-14)15-10-20-11-16(22-15)17(23)21-9-12-2-1-7-19-8-12/h1-8,10-11H,9H2,(H,21,23)";"False";"-1"
"CHEMBL1271415";"";"";"Small molecule";"";"320.37";"4";"5";"4.76";"41.99";"2";"1";"0";"3";"N";"0.76";"None";"3.14";"4.66";"4.66";"3";"MOL";"-1";"24";"3";"1";"0";"320.1325";"-1.66";"NEUTRAL";"C20H17FN2O";"Cc1cc(C)cc(NC(=O)c2cncc(-c3ccc(F)cc3)c2)c1";"XJXXETPSJSPVGG-UHFFFAOYSA-N";"InChI=1S/C20H17FN2O/c1-13-7-14(2)9-19(8-13)23-20(24)17-10-16(11-22-12-17)15-3-5-18(21)6-4-15/h3-12H,1-2H3,(H,23,24)";"False";"-1"
"CHEMBL1271416";"";"";"Small molecule";"";"336.82";"4";"5";"5.27";"41.99";"2";"1";"1";"3";"N";"0.71";"None";"3.13";"5.13";"5.13";"3";"MOL";"-1";"24";"3";"1";"1";"336.1029";"-1.57";"NEUTRAL";"C20H17ClN2O";"Cc1cc(C)cc(NC(=O)c2cncc(-c3ccc(Cl)cc3)c2)c1";"RWENXESMVVFVNT-UHFFFAOYSA-N";"InChI=1S/C20H17ClN2O/c1-13-7-14(2)9-19(8-13)23-20(24)17-10-16(11-22-12-17)15-3-5-18(21)6-4-15/h3-12H,1-2H3,(H,23,24)";"False";"-1"
"CHEMBL1271105";"";"";"Small molecule";"";"393.39";"5";"7";"4.97";"64.11";"5";"1";"0";"4";"N";"0.68";"13.44";"None";"6.57";"6.57";"3";"MOL";"-1";"27";"5";"1";"0";"393.0759";"-1.59";"NEUTRAL";"C18H14F3N3O2S";"Cc1cc(C)cc(NC(=O)c2nsc(-c3ccc(OC(F)(F)F)cc3)n2)c1";"VSNJWSYUSIWFGS-UHFFFAOYSA-N";"InChI=1S/C18H14F3N3O2S/c1-10-7-11(2)9-13(8-10)22-16(25)15-23-17(27-24-15)12-3-5-14(6-4-12)26-18(19,20)21/h3-9H,1-2H3,(H,22,25)";"False";"-1"
"CHEMBL429663";"";"";"Small molecule";"";"311.77";"9";"21";"5.16";"42.24";"2";"1";"1";"3";"N";"0.73";"None";"None";"4.81";"4.81";"3";"MOL";"-1";"22";"3";"1";"1";"311.0713";"-1.83";"NEUTRAL";"C18H14ClNO2";"Cc1cccc(NC(=O)c2ccc(-c3ccc(Cl)cc3)o2)c1";"DJDFKPIUUFKRNI-UHFFFAOYSA-N";"InChI=1S/C18H14ClNO2/c1-12-3-2-4-15(11-12)20-18(21)17-10-9-16(22-17)13-5-7-14(19)8-6-13/h2-11H,1H3,(H,20,21)";"False";"-1"
"CHEMBL1277514";"";"";"Small molecule";"";"337.81";"7";"8";"4.67";"54.88";"3";"1";"0";"3";"N";"0.76";"None";"None";"4.68";"4.68";"3";"MOL";"-1";"24";"4";"1";"0";"337.0982";"-1.66";"NEUTRAL";"C19H16ClN3O";"Cc1cc(C)cc(NC(=O)c2cncc(-c3ccc(Cl)cc3)n2)c1";"QFMYRESYPSSSRX-UHFFFAOYSA-N";"InChI=1S/C19H16ClN3O/c1-12-7-13(2)9-16(8-12)22-19(24)18-11-21-10-17(23-18)14-3-5-15(20)6-4-14/h3-11H,1-2H3,(H,22,24)";"False";"-1"
"CHEMBL1271106";"";"";"Small molecule";"";"387.36";"6";"10";"4.91";"64.11";"4";"1";"0";"4";"N";"0.69";"None";"None";"5.51";"5.51";"3";"MOL";"-1";"28";"5";"1";"0";"387.1195";"-1.53";"NEUTRAL";"C20H16F3N3O2";"Cc1cc(C)cc(NC(=O)c2cncc(-c3ccc(OC(F)(F)F)cc3)n2)c1";"ZAXMOONEIUJTOM-UHFFFAOYSA-N";"InChI=1S/C20H16F3N3O2/c1-12-7-13(2)9-15(8-12)25-19(27)18-11-24-10-17(26-18)14-3-5-16(6-4-14)28-20(21,22)23/h3-11H,1-2H3,(H,25,27)";"False";"-1"
"CHEMBL254382";"";"";"Small molecule";"";"302.33";"1";"1";"4.38";"66.03";"3";"1";"0";"3";"N";"0.78";"None";"None";"4.06";"4.06";"3";"MOL";"-1";"23";"4";"1";"0";"302.1055";"-2.00";"NEUTRAL";"C19H14N2O2";"Cc1cccc(NC(=O)c2ccc(-c3cccc(C#N)c3)o2)c1";"TZPWIPWITVWYPT-UHFFFAOYSA-N";"InChI=1S/C19H14N2O2/c1-13-4-2-7-16(10-13)21-19(22)18-9-8-17(23-18)15-6-3-5-14(11-15)12-20/h2-11H,1H3,(H,21,22)";"False";"-1"
"CHEMBL487308";"";"";"Small molecule";"";"318.80";"2";"2";"3.42";"45.48";"3";"1";"0";"3";"N";"0.94";"None";"8.46";"2.31";"1.21";"2";"MOL";"-1";"22";"4";"1";"0";"318.1135";"-1.46";"NEUTRAL";"C17H19ClN2O2";"CN1CCC(NC(=O)c2ccc(-c3ccc(Cl)cc3)o2)CC1";"PAMVKPQNNLSWGJ-UHFFFAOYSA-N";"InChI=1S/C17H19ClN2O2/c1-20-10-8-14(9-11-20)19-17(21)16-7-6-15(22-16)12-2-4-13(18)5-3-12/h2-7,14H,8-11H2,1H3,(H,19,21)";"False";"-1"
"CHEMBL400769";"";"";"Small molecule";"";"336.78";"1";"1";"4.92";"66.03";"3";"1";"0";"4";"N";"0.74";"13.43";"None";"3.99";"3.99";"3";"MOL";"-1";"24";"4";"1";"0";"336.0666";"-1.71";"NEUTRAL";"C19H13ClN2O2";"N#CCc1cccc(NC(=O)c2ccc(-c3ccc(Cl)cc3)o2)c1";"UMENCAWCXPNLLJ-UHFFFAOYSA-N";"InChI=1S/C19H13ClN2O2/c20-15-6-4-14(5-7-15)17-8-9-18(24-17)19(23)22-16-3-1-2-13(12-16)10-11-21/h1-9,12H,10H2,(H,22,23)";"False";"-1"
"CHEMBL1278224";"";"";"Small molecule";"";"387.36";"4";"4";"4.28";"64.11";"4";"1";"0";"5";"N";"0.71";"13.88";"None";"4.70";"4.70";"3";"MOL";"-1";"28";"5";"1";"0";"387.1195";"-1.51";"NEUTRAL";"C20H16F3N3O2";"Cc1ccccc1CNC(=O)c1cncc(-c2ccc(OC(F)(F)F)cc2)n1";"FPNJKKHDVWOLJA-UHFFFAOYSA-N";"InChI=1S/C20H16F3N3O2/c1-13-4-2-3-5-15(13)10-25-19(27)18-12-24-11-17(26-18)14-6-8-16(9-7-14)28-20(21,22)23/h2-9,11-12H,10H2,1H3,(H,25,27)";"False";"-1"
"CHEMBL1270899";"";"";"Small molecule";"";"376.33";"4";"5";"5.11";"64.36";"4";"1";"1";"4";"N";"0.69";"13.74";"None";"5.88";"5.88";"3";"MOL";"-1";"27";"5";"1";"1";"376.1035";"-1.55";"NEUTRAL";"C19H15F3N2O3";"Cc1cc(C)cc(NC(=O)c2coc(-c3ccc(OC(F)(F)F)cc3)n2)c1";"KCCVSMYYGNCIPX-UHFFFAOYSA-N";"InChI=1S/C19H15F3N2O3/c1-11-7-12(2)9-14(8-11)23-17(25)16-10-26-18(24-16)13-3-5-15(6-4-13)27-19(20,21)22/h3-10H,1-2H3,(H,23,25)";"False";"-1"
"CHEMBL1278138";"";"";"Small molecule";"";"328.38";"5";"5";"3.25";"78.67";"4";"1";"0";"4";"N";"0.80";"13.88";"None";"3.13";"3.13";"3";"MOL";"-1";"25";"5";"1";"0";"328.1324";"-1.74";"NEUTRAL";"C20H16N4O";"Cc1ccccc1CNC(=O)c1cncc(-c2ccc(C#N)cc2)n1";"VYANEYBOMGSJQI-UHFFFAOYSA-N";"InChI=1S/C20H16N4O/c1-14-4-2-3-5-17(14)11-23-20(25)19-13-22-12-18(24-19)16-8-6-15(10-21)7-9-16/h2-9,12-13H,11H2,1H3,(H,23,25)";"False";"-1"
"CHEMBL1270998";"";"";"Small molecule";"";"377.32";"4";"5";"4.50";"77.25";"5";"1";"0";"4";"N";"0.72";"12.88";"None";"6.18";"6.18";"3";"MOL";"-1";"27";"6";"1";"0";"377.0987";"-1.86";"NEUTRAL";"C18H14F3N3O3";"Cc1cc(C)cc(NC(=O)c2nc(-c3ccc(OC(F)(F)F)cc3)no2)c1";"MVGGMGIREUKECP-UHFFFAOYSA-N";"InChI=1S/C18H14F3N3O3/c1-10-7-11(2)9-13(8-10)22-16(25)17-23-15(24-27-17)12-3-5-14(6-4-12)26-18(19,20)21/h3-9H,1-2H3,(H,22,25)";"False";"-1"
"CHEMBL1270898";"";"";"Small molecule";"";"376.33";"4";"5";"5.11";"64.36";"4";"1";"1";"4";"N";"0.69";"13.70";"None";"5.41";"5.41";"3";"MOL";"-1";"27";"5";"1";"1";"376.1035";"-1.39";"NEUTRAL";"C19H15F3N2O3";"Cc1cc(C)cc(NC(=O)c2cnc(-c3ccc(OC(F)(F)F)cc3)o2)c1";"YXVUTFYHKBJJGL-UHFFFAOYSA-N";"InChI=1S/C19H15F3N2O3/c1-11-7-12(2)9-14(8-11)24-17(25)16-10-23-18(26-16)13-3-5-15(6-4-13)27-19(20,21)22/h3-10H,1-2H3,(H,24,25)";"False";"-1"
"CHEMBL519073";"";"";"Small molecule";"";"332.83";"3";"3";"3.82";"45.48";"3";"1";"0";"5";"N";"0.91";"None";"7.89";"3.15";"2.54";"2";"MOL";"-1";"23";"4";"1";"0";"332.1292";"-1.74";"NEUTRAL";"C18H21ClN2O2";"O=C(NCCN1CCCCC1)c1ccc(-c2ccc(Cl)cc2)o1";"VYOBWGZNPIKXCY-UHFFFAOYSA-N";"InChI=1S/C18H21ClN2O2/c19-15-6-4-14(5-7-15)16-8-9-17(23-16)18(22)20-10-13-21-11-2-1-3-12-21/h4-9H,1-3,10-13H2,(H,20,22)";"False";"-1"
"CHEMBL1277512";"";"";"Small molecule";"";"369.81";"6";"6";"4.07";"73.34";"5";"1";"0";"5";"N";"0.73";"13.72";"None";"3.34";"3.34";"3";"MOL";"-1";"26";"6";"1";"0";"369.0880";"-1.46";"NEUTRAL";"C19H16ClN3O3";"COc1cc(NC(=O)c2cncc(-c3ccc(Cl)cc3)n2)cc(OC)c1";"CVPCOUAWFKLXEO-UHFFFAOYSA-N";"InChI=1S/C19H16ClN3O3/c1-25-15-7-14(8-16(9-15)26-2)22-19(24)18-11-21-10-17(23-18)12-3-5-13(20)6-4-12/h3-11H,1-2H3,(H,22,24)";"False";"-1"
"CHEMBL1271205";"";"";"Small molecule";"";"386.37";"4";"5";"5.52";"51.22";"3";"1";"1";"4";"N";"0.64";"None";"None";"6.72";"6.72";"3";"MOL";"-1";"28";"4";"1";"1";"386.1242";"-1.51";"NEUTRAL";"C21H17F3N2O2";"Cc1cc(C)cc(NC(=O)c2cccc(-c3ccc(OC(F)(F)F)cc3)n2)c1";"CRWGPWWLHMHOMR-UHFFFAOYSA-N";"InChI=1S/C21H17F3N2O2/c1-13-10-14(2)12-16(11-13)25-20(27)19-5-3-4-18(26-19)15-6-8-17(9-7-15)28-21(22,23)24/h3-12H,1-2H3,(H,25,27)";"False";"-1"
"CHEMBL1277959";"";"";"Small molecule";"";"347.42";"6";"6";"3.78";"64.11";"4";"1";"0";"6";"N";"0.74";"13.88";"None";"3.47";"3.47";"3";"MOL";"-1";"26";"5";"1";"0";"347.1634";"-1.54";"NEUTRAL";"C21H21N3O2";"CCOc1ccc(-c2cncc(C(=O)NCc3ccccc3C)n2)cc1";"ONXXBNABQCHJHC-UHFFFAOYSA-N";"InChI=1S/C21H21N3O2/c1-3-26-18-10-8-16(9-11-18)19-13-22-14-20(24-19)21(25)23-12-17-7-5-4-6-15(17)2/h4-11,13-14H,3,12H2,1-2H3,(H,23,25)";"False";"-1"
"CHEMBL1270098";"";"";"Small molecule";"";"323.78";"4";"4";"3.73";"54.88";"3";"1";"0";"4";"N";"0.80";"13.92";"4.83";"2.59";"2.59";"3";"MOL";"-1";"23";"4";"1";"0";"323.0825";"-1.70";"NEUTRAL";"C18H14ClN3O";"O=C(NCc1cccnc1)c1cncc(-c2ccc(Cl)cc2)c1";"XBQOWXKKLBELLJ-UHFFFAOYSA-N";"InChI=1S/C18H14ClN3O/c19-17-5-3-14(4-6-17)15-8-16(12-21-11-15)18(23)22-10-13-2-1-7-20-9-13/h1-9,11-12H,10H2,(H,22,23)";"False";"-1"
"CHEMBL1270797";"";"";"Small molecule";"";"375.35";"4";"5";"5.71";"51.47";"3";"1";"1";"4";"N";"0.64";"None";"None";"6.15";"6.15";"3";"MOL";"-1";"27";"4";"1";"1";"375.1082";"-1.44";"NEUTRAL";"C20H16F3NO3";"Cc1cc(C)cc(NC(=O)c2ccc(-c3ccc(OC(F)(F)F)cc3)o2)c1";"ZZJKLZVQEWRMEE-UHFFFAOYSA-N";"InChI=1S/C20H16F3NO3/c1-12-9-13(2)11-15(10-12)24-19(25)18-8-7-17(26-18)14-3-5-16(6-4-14)27-20(21,22)23/h3-11H,1-2H3,(H,24,25)";"False";"-1"
"CHEMBL253560";"";"";"Small molecule";"";"360.24";"1";"1";"5.23";"42.24";"2";"1";"1";"5";"N";"0.68";"None";"None";"4.90";"4.90";"3";"MOL";"-1";"24";"3";"1";"1";"359.0480";"-1.55";"NEUTRAL";"C19H15Cl2NO2";"O=C(NCCc1ccccc1Cl)c1ccc(-c2ccc(Cl)cc2)o1";"QESGWRHFHOIOFV-UHFFFAOYSA-N";"InChI=1S/C19H15Cl2NO2/c20-15-7-5-14(6-8-15)17-9-10-18(24-17)19(23)22-12-11-13-3-1-2-4-16(13)21/h1-10H,11-12H2,(H,22,23)";"False";"-1"
"CHEMBL1277513";"";"";"Small molecule";"";"323.78";"6";"6";"4.36";"54.88";"3";"1";"0";"3";"N";"0.78";"None";"None";"4.17";"4.17";"3";"MOL";"-1";"23";"4";"1";"0";"323.0825";"-1.91";"NEUTRAL";"C18H14ClN3O";"Cc1cccc(NC(=O)c2cncc(-c3ccc(Cl)cc3)n2)c1";"ZJSGQXWOWAVZPO-UHFFFAOYSA-N";"InChI=1S/C18H14ClN3O/c1-12-3-2-4-15(9-12)21-18(23)17-11-20-10-16(22-17)13-5-7-14(19)8-6-13/h2-11H,1H3,(H,21,23)";"False";"-1"
"CHEMBL1270207";"";"";"Small molecule";"";"367.84";"4";"4";"4.13";"64.11";"4";"1";"0";"6";"N";"0.71";"13.86";"3.34";"3.38";"3.38";"3";"MOL";"-1";"26";"5";"1";"0";"367.1088";"-1.91";"NEUTRAL";"C20H18ClN3O2";"CCOc1ncccc1CNC(=O)c1cncc(-c2ccc(Cl)cc2)c1";"CQIXHVVDGNOBRL-UHFFFAOYSA-N";"InChI=1S/C20H18ClN3O2/c1-2-26-20-15(4-3-9-23-20)13-24-19(25)17-10-16(11-22-12-17)14-5-7-18(21)8-6-14/h3-12H,2,13H2,1H3,(H,24,25)";"False";"-1"
"CHEMBL1270999";"";"";"Small molecule";"";"392.40";"5";"7";"5.58";"51.22";"4";"1";"1";"4";"N";"0.63";"None";"None";"6.59";"6.59";"3";"MOL";"-1";"27";"4";"1";"1";"392.0806";"-1.85";"NEUTRAL";"C19H15F3N2O2S";"Cc1cc(C)cc(NC(=O)c2csc(-c3ccc(OC(F)(F)F)cc3)n2)c1";"SQMRGZVDASANKI-UHFFFAOYSA-N";"InChI=1S/C19H15F3N2O2S/c1-11-7-12(2)9-14(8-11)23-17(25)16-10-27-18(24-16)13-3-5-15(6-4-13)26-19(20,21)22/h3-10H,1-2H3,(H,23,25)";"False";"-1"
"CHEMBL254385";"";"";"Small molecule";"";"311.77";"1";"1";"5.16";"42.24";"2";"1";"1";"3";"N";"0.73";"13.96";"None";"4.89";"4.89";"3";"MOL";"-1";"22";"3";"1";"1";"311.0713";"-1.48";"NEUTRAL";"C18H14ClNO2";"Cc1cccc(NC(=O)c2cc(-c3ccc(Cl)cc3)co2)c1";"PFYSJOOYFVVVCF-UHFFFAOYSA-N";"InChI=1S/C18H14ClNO2/c1-12-3-2-4-16(9-12)20-18(21)17-10-14(11-22-17)13-5-7-15(19)8-6-13/h2-11H,1H3,(H,20,21)";"False";"-1"
"CHEMBL399792";"";"";"Small molecule";"";"368.82";"1";"1";"4.68";"54.71";"4";"1";"0";"3";"N";"0.73";"None";"1.36";"4.08";"4.08";"3";"MOL";"-1";"26";"5";"1";"0";"368.0928";"-1.79";"NEUTRAL";"C20H17ClN2O3";"CN1CCOc2cc(NC(=O)c3ccc(-c4ccc(Cl)cc4)o3)ccc21";"QNZPSPBILYUMMU-UHFFFAOYSA-N";"InChI=1S/C20H17ClN2O3/c1-23-10-11-25-19-12-15(6-7-16(19)23)22-20(24)18-9-8-17(26-18)13-2-4-14(21)5-3-13/h2-9,12H,10-11H2,1H3,(H,22,24)";"False";"-1"
"CHEMBL1269883";"";"";"Small molecule";"";"357.24";"4";"4";"4.99";"41.99";"2";"1";"0";"4";"N";"0.72";"13.93";"3.24";"4.41";"4.41";"3";"MOL";"-1";"24";"3";"1";"0";"356.0483";"-1.75";"NEUTRAL";"C19H14Cl2N2O";"O=C(NCc1ccccc1Cl)c1cncc(-c2ccc(Cl)cc2)c1";"CKNIOMWTEPBNFF-UHFFFAOYSA-N";"InChI=1S/C19H14Cl2N2O/c20-17-7-5-13(6-8-17)15-9-16(11-22-10-15)19(24)23-12-14-3-1-2-4-18(14)21/h1-11H,12H2,(H,23,24)";"False";"-1"
"CHEMBL4096468";"";"";"Small molecule";"";"313.28";"15";"26";"2.25";"73.16";"4";"2";"0";"4";"N";"0.91";"13.92";"8.49";"2.52";"1.39";"2";"MOL";"-1";"22";"5";"3";"0";"313.1038";"-0.79";"NEUTRAL";"C14H14F3N3O2";"NC1(Cc2nc(-c3ccc(OC(F)(F)F)cc3)c[nH]2)COC1";"QMSYRAZMYGWQJB-UHFFFAOYSA-N";"InChI=1S/C14H14F3N3O2/c15-14(16,17)22-10-3-1-9(2-4-10)11-6-19-12(20-11)5-13(18)7-21-8-13/h1-4,6H,5,7-8,18H2,(H,19,20)";"False";"-1"
"CHEMBL4084106";"";"";"Small molecule";"";"285.27";"16";"28";"3.17";"63.93";"3";"2";"0";"3";"N";"0.91";"12.87";"8.40";"3.52";"2.48";"2";"MOL";"-1";"20";"4";"3";"0";"285.1089";"-0.83";"NEUTRAL";"C13H14F3N3O";"CC(C)(N)c1nc(-c2ccc(OC(F)(F)F)cc2)c[nH]1";"AGORGFNWYAUYSU-UHFFFAOYSA-N";"InChI=1S/C13H14F3N3O/c1-12(2,17)11-18-7-10(19-11)8-3-5-9(6-4-8)20-13(14,15)16/h3-7H,17H2,1-2H3,(H,18,19)";"False";"-1"
"CHEMBL1277607";"";"";"Small molecule";"";"372.26";"6";"7";"4.42";"54.88";"3";"1";"0";"5";"N";"0.72";"13.89";"None";"4.25";"4.25";"3";"MOL";"-1";"25";"4";"1";"0";"371.0592";"-1.18";"NEUTRAL";"C19H15Cl2N3O";"O=C(NCCc1ccc(Cl)cc1)c1cncc(-c2ccc(Cl)cc2)n1";"DMUGWPYKKXFQFR-UHFFFAOYSA-N";"InChI=1S/C19H15Cl2N3O/c20-15-5-1-13(2-6-15)9-10-23-19(25)18-12-22-11-17(24-18)14-3-7-16(21)8-4-14/h1-8,11-12H,9-10H2,(H,23,25)";"False";"-1"
"CHEMBL1278045";"";"";"Small molecule";"";"358.40";"6";"6";"4.05";"87.90";"5";"1";"0";"5";"N";"0.74";"13.87";"None";"3.52";"3.52";"3";"MOL";"-1";"27";"6";"1";"0";"358.1430";"-1.96";"NEUTRAL";"C21H18N4O2";"CC(C)Oc1cccc(NC(=O)c2cncc(-c3ccc(C#N)cc3)n2)c1";"RYIJDTIIDWSMQI-UHFFFAOYSA-N";"InChI=1S/C21H18N4O2/c1-14(2)27-18-5-3-4-17(10-18)24-21(26)20-13-23-12-19(25-20)16-8-6-15(11-22)7-9-16/h3-10,12-14H,1-2H3,(H,24,26)";"False";"-1"
"CHEMBL1270301";"";"";"Small molecule";"";"406.92";"4";"4";"4.72";"58.12";"4";"1";"0";"5";"N";"0.67";"13.94";"6.18";"4.14";"4.12";"3";"MOL";"-1";"29";"5";"1";"0";"406.1560";"-1.77";"NEUTRAL";"C23H23ClN4O";"O=C(NCc1cccnc1N1CCCCC1)c1cncc(-c2ccc(Cl)cc2)c1";"IVBTXSATVJWRLA-UHFFFAOYSA-N";"InChI=1S/C23H23ClN4O/c24-21-8-6-17(7-9-21)19-13-20(15-25-14-19)23(29)27-16-18-5-4-10-26-22(18)28-11-2-1-3-12-28/h4-10,13-15H,1-3,11-12,16H2,(H,27,29)";"False";"-1"
"CHEMBL1270099";"";"";"Small molecule";"";"337.81";"4";"4";"4.04";"54.88";"3";"1";"0";"4";"N";"0.78";"13.94";"5.58";"2.72";"2.71";"3";"MOL";"-1";"24";"4";"1";"0";"337.0982";"-1.55";"NEUTRAL";"C19H16ClN3O";"Cc1ncccc1CNC(=O)c1cncc(-c2ccc(Cl)cc2)c1";"VXEPIOIRYOEGPA-UHFFFAOYSA-N";"InChI=1S/C19H16ClN3O/c1-13-15(3-2-8-22-13)12-23-19(24)17-9-16(10-21-11-17)14-4-6-18(20)7-5-14/h2-11H,12H2,1H3,(H,23,24)";"False";"-1"
"CHEMBL1276882";"";"";"Small molecule";"";"459.43";"11";"20";"3.20";"89.47";"7";"1";"0";"6";"N";"0.61";"12.82";"6.13";"3.45";"3.43";"3";"MOL";"-1";"33";"8";"1";"0";"459.1518";"-1.81";"NEUTRAL";"C22H20F3N5O3";"O=C(NCc1cccnc1N1CCOCC1)c1cncc(-c2ccc(OC(F)(F)F)cc2)n1";"RNUQEWXMJUEUKA-UHFFFAOYSA-N";"InChI=1S/C22H20F3N5O3/c23-22(24,25)33-17-5-3-15(4-6-17)18-13-26-14-19(29-18)21(31)28-12-16-2-1-7-27-20(16)30-8-10-32-11-9-30/h1-7,13-14H,8-12H2,(H,28,31)";"False";"-1"
"CHEMBL1271309";"";"";"Small molecule";"";"327.39";"14";"22";"4.49";"65.78";"3";"1";"0";"3";"N";"0.77";"None";"3.13";"4.38";"4.38";"3";"MOL";"-1";"25";"4";"1";"0";"327.1372";"-1.67";"NEUTRAL";"C21H17N3O";"Cc1cc(C)cc(NC(=O)c2cncc(-c3ccc(C#N)cc3)c2)c1";"VAOBPPDVUDDCKB-UHFFFAOYSA-N";"InChI=1S/C21H17N3O/c1-14-7-15(2)9-20(8-14)24-21(25)19-10-18(12-23-13-19)17-5-3-16(11-22)4-6-17/h3-10,12-13H,1-2H3,(H,24,25)";"False";"-1"
"CHEMBL453468";"";"";"Small molecule";"";"346.86";"2";"2";"4.21";"45.48";"3";"1";"0";"6";"N";"0.80";"None";"9.09";"3.21";"1.51";"2";"MOL";"-1";"24";"4";"1";"0";"346.1448";"-1.61";"BASE";"C19H23ClN2O2";"O=C(NCCCN1CCCCC1)c1ccc(-c2ccc(Cl)cc2)o1";"OVXOJSMKUXVDAU-UHFFFAOYSA-N";"InChI=1S/C19H23ClN2O2/c20-16-7-5-15(6-8-16)17-9-10-18(24-17)19(23)21-11-4-14-22-12-2-1-3-13-22/h5-10H,1-4,11-14H2,(H,21,23)";"False";"-1"
"CHEMBL400328";"";"";"Small molecule";"";"382.85";"1";"1";"4.69";"54.71";"4";"1";"0";"4";"N";"0.71";"None";"0.70";"4.19";"4.19";"3";"MOL";"-1";"27";"5";"1";"0";"382.1084";"-1.98";"NEUTRAL";"C21H19ClN2O3";"O=C(Nc1cccc(N2CCOCC2)c1)c1ccc(-c2ccc(Cl)cc2)o1";"SQIWGOKGJIVYID-UHFFFAOYSA-N";"InChI=1S/C21H19ClN2O3/c22-16-6-4-15(5-7-16)19-8-9-20(27-19)21(25)23-17-2-1-3-18(14-17)24-10-12-26-13-11-24/h1-9,14H,10-13H2,(H,23,25)";"False";"-1"
"CHEMBL251067";"";"";"Small molecule";"";"332.83";"1";"2";"3.77";"36.69";"3";"0";"0";"3";"N";"0.86";"None";"9.68";"2.53";"0.27";"2";"MOL";"-1";"23";"4";"0";"0";"332.1292";"-1.54";"BASE";"C18H21ClN2O2";"CN(C)C1CCN(C(=O)c2ccc(-c3ccc(Cl)cc3)o2)CC1";"CEKBOFCQHHPDJK-UHFFFAOYSA-N";"InChI=1S/C18H21ClN2O2/c1-20(2)15-9-11-21(12-10-15)18(22)17-8-7-16(23-17)13-3-5-14(19)6-4-13/h3-8,15H,9-12H2,1-2H3";"False";"-1"
"CHEMBL521211";"";"";"Small molecule";"";"290.75";"9";"18";"2.65";"45.48";"3";"1";"0";"2";"Y";"0.92";"None";"7.82";"1.97";"1.41";"2";"MOL";"-1";"20";"4";"1";"0";"290.0822";"-1.40";"NEUTRAL";"C15H15ClN2O2";"O=C(c1ccc(-c2ccc(Cl)cc2)o1)N1CCNCC1";"FSVUGYFGMKVKHY-UHFFFAOYSA-N";"InChI=1S/C15H15ClN2O2/c16-12-3-1-11(2-4-12)13-5-6-14(20-13)15(19)18-9-7-17-8-10-18/h1-6,17H,7-10H2";"False";"-1"
"CHEMBL1277606";"";"";"Small molecule";"";"337.81";"5";"5";"4.04";"54.88";"3";"1";"0";"4";"N";"0.78";"13.88";"None";"3.87";"3.87";"3";"MOL";"-1";"24";"4";"1";"0";"337.0982";"-1.64";"NEUTRAL";"C19H16ClN3O";"Cc1ccccc1CNC(=O)c1cncc(-c2ccc(Cl)cc2)n1";"PYRAASWZAHJFKG-UHFFFAOYSA-N";"InChI=1S/C19H16ClN3O/c1-13-4-2-3-5-15(13)10-22-19(24)18-12-21-11-17(23-18)14-6-8-16(20)9-7-14/h2-9,11-12H,10H2,1H3,(H,22,24)";"False";"-1"
"CHEMBL1277877";"";"";"Small molecule";"";"347.42";"5";"5";"4.41";"64.11";"4";"1";"0";"5";"N";"0.74";"None";"None";"4.27";"4.27";"3";"MOL";"-1";"26";"5";"1";"0";"347.1634";"-1.55";"NEUTRAL";"C21H21N3O2";"CCOc1ccc(-c2cncc(C(=O)Nc3cc(C)cc(C)c3)n2)cc1";"KFGUDEORIBZTGM-UHFFFAOYSA-N";"InChI=1S/C21H21N3O2/c1-4-26-18-7-5-16(6-8-18)19-12-22-13-20(24-19)21(25)23-17-10-14(2)9-15(3)11-17/h5-13H,4H2,1-3H3,(H,23,25)";"False";"-1"
"CHEMBL255023";"";"";"Small molecule";"";"335.79";"8";"20";"5.25";"61.32";"3";"1";"1";"3";"N";"0.40";"None";"None";"5.03";"5.03";"3";"MOL";"-1";"24";"4";"1";"1";"335.0825";"-1.54";"NEUTRAL";"C19H14ClN3O";"Cc1cccc(N/C(=N/C#N)c2ccc(-c3ccc(Cl)cc3)o2)c1";"XQWLRVUWANJCSB-UHFFFAOYSA-N";"InChI=1S/C19H14ClN3O/c1-13-3-2-4-16(11-13)23-19(22-12-21)18-10-9-17(24-18)14-5-7-15(20)8-6-14/h2-11H,1H3,(H,22,23)";"False";"-1"
"CHEMBL250048";"";"";"Small molecule";"";"312.76";"8";"16";"4.56";"55.13";"3";"1";"0";"3";"N";"0.77";"13.32";"3.43";"4.19";"4.19";"3";"MOL";"-1";"22";"4";"1";"0";"312.0666";"-1.74";"NEUTRAL";"C17H13ClN2O2";"Cc1ccnc(NC(=O)c2ccc(-c3ccc(Cl)cc3)o2)c1";"NDSSZZIINCIIEA-UHFFFAOYSA-N";"InChI=1S/C17H13ClN2O2/c1-11-8-9-19-16(10-11)20-17(21)15-7-6-14(22-15)12-2-4-13(18)5-3-12/h2-10H,1H3,(H,19,20,21)";"False";"-1"
"CHEMBL539863";"";"";"Small molecule";"";"347.25";"11";"19";"5.35";"49.02";"2";"2";"1";"3";"N";"0.51";"None";"4.61";"4.82";"4.82";"3";"MOL";"-1";"22";"3";"2";"1";"310.0873";"-1.33";"NEUTRAL";"C18H16Cl2N2O";"Cc1cccc(NC(=N)c2ccc(-c3ccc(Cl)cc3)o2)c1.Cl";"WDPSPPSKXLCVMX-UHFFFAOYSA-N";"InChI=1S/C18H15ClN2O.ClH/c1-12-3-2-4-15(11-12)21-18(20)17-10-9-16(22-17)13-5-7-14(19)8-6-13;/h2-11H,1H3,(H2,20,21);1H";"False";"-1"
"CHEMBL1271417";"";"";"Small molecule";"";"322.80";"4";"4";"4.33";"41.99";"2";"1";"0";"4";"N";"0.78";"13.99";"3.24";"3.81";"3.81";"3";"MOL";"-1";"23";"3";"1";"0";"322.0873";"-1.49";"NEUTRAL";"C19H15ClN2O";"O=C(NCc1ccccc1)c1cncc(-c2ccc(Cl)cc2)c1";"FWHXSLFSGPLDBM-UHFFFAOYSA-N";"InChI=1S/C19H15ClN2O/c20-18-8-6-15(7-9-18)16-10-17(13-21-12-16)19(23)22-11-14-4-2-1-3-5-14/h1-10,12-13H,11H2,(H,22,23)";"False";"-1"
"CHEMBL1269882";"";"";"Small molecule";"";"336.82";"5";"5";"4.64";"41.99";"2";"1";"0";"4";"N";"0.75";"None";"3.24";"4.32";"4.32";"3";"MOL";"-1";"24";"3";"1";"0";"336.1029";"-1.60";"NEUTRAL";"C20H17ClN2O";"Cc1ccccc1CNC(=O)c1cncc(-c2ccc(Cl)cc2)c1";"MLDMXXWILKZITA-UHFFFAOYSA-N";"InChI=1S/C20H17ClN2O/c1-14-4-2-3-5-16(14)13-23-20(24)18-10-17(11-22-12-18)15-6-8-19(21)9-7-15/h2-12H,13H2,1H3,(H,23,24)";"False";"-1"
"CHEMBL1278223";"";"";"Small molecule";"";"373.33";"5";"5";"4.60";"64.11";"4";"1";"0";"4";"N";"0.73";"None";"None";"4.99";"4.99";"3";"MOL";"-1";"27";"5";"1";"0";"373.1038";"-1.74";"NEUTRAL";"C19H14F3N3O2";"Cc1cccc(NC(=O)c2cncc(-c3ccc(OC(F)(F)F)cc3)n2)c1";"VSWFPIQYOVAVEO-UHFFFAOYSA-N";"InChI=1S/C19H14F3N3O2/c1-12-3-2-4-14(9-12)24-18(26)17-11-23-10-16(25-17)13-5-7-15(8-6-13)27-19(20,21)22/h2-11H,1H3,(H,24,26)";"False";"-1"
"CHEMBL1269991";"";"";"Small molecule";"";"407.90";"4";"4";"4.17";"54.46";"4";"1";"0";"5";"N";"0.69";"None";"3.24";"3.70";"3.70";"3";"MOL";"-1";"29";"5";"1";"0";"407.1401";"-1.76";"NEUTRAL";"C23H22ClN3O2";"O=C(NCc1ccccc1N1CCOCC1)c1cncc(-c2ccc(Cl)cc2)c1";"JJCBTWUQVASSGZ-UHFFFAOYSA-N";"InChI=1S/C23H22ClN3O2/c24-21-7-5-17(6-8-21)19-13-20(15-25-14-19)23(28)26-16-18-3-1-2-4-22(18)27-9-11-29-12-10-27/h1-8,13-15H,9-12,16H2,(H,26,28)";"False";"-1"
"CHEMBL1277876";"";"";"Small molecule";"";"393.88";"5";"5";"3.72";"71.01";"5";"1";"0";"5";"N";"0.71";"13.82";"6.18";"3.25";"3.23";"3";"MOL";"-1";"28";"6";"1";"0";"393.1356";"-1.85";"NEUTRAL";"C21H20ClN5O";"O=C(NCc1cccnc1N1CCCC1)c1cncc(-c2ccc(Cl)cc2)n1";"XUEHBVFEQMVDHJ-UHFFFAOYSA-N";"InChI=1S/C21H20ClN5O/c22-17-7-5-15(6-8-17)18-13-23-14-19(26-18)21(28)25-12-16-4-3-9-24-20(16)27-10-1-2-11-27/h3-9,13-14H,1-2,10-12H2,(H,25,28)";"False";"-1"
"CHEMBL450458";"";"";"Small molecule";"";"334.85";"2";"2";"3.92";"45.48";"3";"1";"0";"6";"N";"0.87";"None";"9.32";"3.33";"1.42";"2";"MOL";"-1";"23";"4";"1";"0";"334.1448";"-1.57";"BASE";"C18H23ClN2O2";"CN(C)CC(C)(C)CNC(=O)c1ccc(-c2ccc(Cl)cc2)o1";"CNZJYNXLIROXSK-UHFFFAOYSA-N";"InChI=1S/C18H23ClN2O2/c1-18(2,12-21(3)4)11-20-17(22)16-10-9-15(23-16)13-5-7-14(19)8-6-13/h5-10H,11-12H2,1-4H3,(H,20,22)";"False";"-1"
"CHEMBL487307";"";"";"Small molecule";"";"434.85";"1";"1";"5.58";"36.69";"3";"0";"1";"3";"N";"0.54";"None";"2.55";"5.12";"5.12";"3";"MOL";"-1";"30";"4";"0";"1";"434.1009";"-1.77";"NEUTRAL";"C22H18ClF3N2O2";"O=C(c1ccc(-c2ccc(Cl)cc2)o1)N1CCN(c2cccc(C(F)(F)F)c2)CC1";"XGVHEGGVYVHPBP-UHFFFAOYSA-N";"InChI=1S/C22H18ClF3N2O2/c23-17-6-4-15(5-7-17)19-8-9-20(30-19)21(29)28-12-10-27(11-13-28)18-3-1-2-16(14-18)22(24,25)26/h1-9,14H,10-13H2";"False";"-1"
"CHEMBL1277700";"";"";"Small molecule";"";"409.88";"6";"6";"2.96";"80.24";"6";"1";"0";"5";"N";"0.70";"12.69";"6.13";"2.63";"2.60";"3";"MOL";"-1";"29";"7";"1";"0";"409.1306";"-1.96";"NEUTRAL";"C21H20ClN5O2";"O=C(NCc1cccnc1N1CCOCC1)c1cncc(-c2ccc(Cl)cc2)n1";"NEGLDDATOGSCRT-UHFFFAOYSA-N";"InChI=1S/C21H20ClN5O2/c22-17-5-3-15(4-6-17)18-13-23-14-19(26-18)21(28)25-12-16-2-1-7-24-20(16)27-8-10-29-11-9-27/h1-7,13-14H,8-12H2,(H,25,28)";"False";"-1"
"CHEMBL1269990";"";"";"Small molecule";"";"405.93";"4";"4";"5.32";"45.23";"3";"1";"1";"5";"N";"0.62";"None";"4.82";"4.76";"4.76";"3";"MOL";"-1";"29";"4";"1";"1";"405.1608";"-1.60";"NEUTRAL";"C24H24ClN3O";"O=C(NCc1ccccc1N1CCCCC1)c1cncc(-c2ccc(Cl)cc2)c1";"DDGYZFJJKXLJOG-UHFFFAOYSA-N";"InChI=1S/C24H24ClN3O/c25-22-10-8-18(9-11-22)20-14-21(16-26-15-20)24(29)27-17-19-6-2-3-7-23(19)28-12-4-1-5-13-28/h2-3,6-11,14-16H,1,4-5,12-13,17H2,(H,27,29)";"False";"-1"
"CHEMBL401258";"";"";"Small molecule";"";"302.33";"13";"39";"4.38";"66.03";"3";"1";"0";"3";"N";"0.78";"None";"None";"4.06";"4.06";"3";"MOL";"-1";"23";"4";"1";"0";"302.1055";"-1.92";"NEUTRAL";"C19H14N2O2";"Cc1cccc(NC(=O)c2ccc(-c3ccc(C#N)cc3)o2)c1";"WKHNOPNLWLSUBU-UHFFFAOYSA-N";"InChI=1S/C19H14N2O2/c1-13-3-2-4-16(11-13)21-19(22)18-10-9-17(23-18)15-7-5-14(12-20)6-8-15/h2-11H,1H3,(H,21,22)";"False";"-1"
"CHEMBL1270302";"";"";"Small molecule";"";"408.89";"5";"5";"3.56";"67.35";"5";"1";"0";"5";"N";"0.70";"13.94";"6.13";"3.07";"3.05";"3";"MOL";"-1";"29";"6";"1";"0";"408.1353";"-1.93";"NEUTRAL";"C22H21ClN4O2";"O=C(NCc1cccnc1N1CCOCC1)c1cncc(-c2ccc(Cl)cc2)c1";"FNEDVEXAIMFBRN-UHFFFAOYSA-N";"InChI=1S/C22H21ClN4O2/c23-20-5-3-16(4-6-20)18-12-19(14-24-13-18)22(28)26-15-17-2-1-7-25-21(17)27-8-10-29-11-9-27/h1-7,12-14H,8-11,15H2,(H,26,28)";"False";"-1"
"CHEMBL251066";"";"";"Small molecule";"";"312.76";"1";"1";"4.56";"55.13";"3";"1";"0";"3";"N";"0.77";"13.70";"6.30";"3.21";"3.18";"3";"MOL";"-1";"22";"4";"1";"0";"312.0666";"-1.73";"NEUTRAL";"C17H13ClN2O2";"Cc1cc(NC(=O)c2ccc(-c3ccc(Cl)cc3)o2)ccn1";"JULTVCVBNILRCH-UHFFFAOYSA-N";"InChI=1S/C17H13ClN2O2/c1-11-10-14(8-9-19-11)20-17(21)16-7-6-15(22-16)12-2-4-13(18)5-3-12/h2-10H,1H3,(H,19,20,21)";"False";"-1"
"CHEMBL250699";"";"A-803467";"Small molecule";"";"357.79";"67";"221";"4.87";"60.70";"4";"1";"0";"5";"N";"0.71";"13.76";"None";"3.98";"3.98";"3";"MOL";"-1";"25";"5";"1";"0";"357.0768";"-1.37";"NEUTRAL";"C19H16ClNO4";"COc1cc(NC(=O)c2ccc(-c3ccc(Cl)cc3)o2)cc(OC)c1";"VHKBTPQDHDSBSP-UHFFFAOYSA-N";"InChI=1S/C19H16ClNO4/c1-23-15-9-14(10-16(11-15)24-2)21-19(22)18-8-7-17(25-18)12-3-5-13(20)6-4-12/h3-11H,1-2H3,(H,21,22)";"False";"-1"
"CHEMBL429830";"";"";"Small molecule";"";"321.38";"1";"1";"4.91";"51.47";"3";"1";"0";"5";"N";"0.73";"None";"None";"4.41";"4.41";"3";"MOL";"-1";"24";"4";"1";"0";"321.1365";"-1.70";"NEUTRAL";"C20H19NO3";"CCOc1ccc(-c2ccc(C(=O)Nc3cccc(C)c3)o2)cc1";"OYINDXYEWWOYJC-UHFFFAOYSA-N";"InChI=1S/C20H19NO3/c1-3-23-17-9-7-15(8-10-17)18-11-12-19(24-18)20(22)21-16-6-4-5-14(2)13-16/h4-13H,3H2,1-2H3,(H,21,22)";"False";"-1"
"CHEMBL427714";"";"";"Small molecule";"";"325.80";"1";"1";"4.84";"42.24";"2";"1";"0";"4";"N";"0.75";"None";"None";"4.52";"4.52";"3";"MOL";"-1";"23";"3";"1";"0";"325.0870";"-1.61";"NEUTRAL";"C19H16ClNO2";"Cc1ccccc1CNC(=O)c1ccc(-c2ccc(Cl)cc2)o1";"VKVGXZVKRLBKHA-UHFFFAOYSA-N";"InChI=1S/C19H16ClNO2/c1-13-4-2-3-5-15(13)12-21-19(22)18-11-10-17(23-18)14-6-8-16(20)9-7-14/h2-11H,12H2,1H3,(H,21,22)";"False";"-1"
"CHEMBL482676";"";"";"Small molecule";"";"372.90";"7";"16";"4.69";"36.69";"3";"0";"0";"3";"N";"0.78";"None";"7.73";"4.15";"3.65";"2";"MOL";"-1";"26";"4";"0";"0";"372.1605";"-1.34";"NEUTRAL";"C21H25ClN2O2";"O=C(c1ccc(-c2ccc(Cl)cc2)o1)N1CCN(C2CCCCC2)CC1";"OWKCSDFZMUWPDJ-UHFFFAOYSA-N";"InChI=1S/C21H25ClN2O2/c22-17-8-6-16(7-9-17)19-10-11-20(26-19)21(25)24-14-12-23(13-15-24)18-4-2-1-3-5-18/h6-11,18H,1-5,12-15H2";"False";"-1"
"CHEMBL400958";"";"";"Small molecule";"";"325.80";"1";"1";"5.19";"33.45";"2";"0";"1";"3";"N";"0.66";"None";"None";"4.67";"4.67";"3";"MOL";"-1";"23";"3";"0";"1";"325.0870";"-1.74";"NEUTRAL";"C19H16ClNO2";"Cc1cccc(N(C)C(=O)c2ccc(-c3ccc(Cl)cc3)o2)c1";"MIJSDLWKDQTMIZ-UHFFFAOYSA-N";"InChI=1S/C19H16ClNO2/c1-13-4-3-5-16(12-13)21(2)19(22)18-11-10-17(23-18)14-6-8-15(20)9-7-14/h3-12H,1-2H3";"False";"-1"
"CHEMBL254383";"";"";"Small molecule";"";"345.32";"1";"1";"5.53";"42.24";"2";"1";"1";"3";"N";"0.68";"None";"None";"5.08";"5.08";"3";"MOL";"-1";"25";"3";"1";"1";"345.0977";"-1.87";"NEUTRAL";"C19H14F3NO2";"Cc1cccc(NC(=O)c2ccc(-c3cccc(C(F)(F)F)c3)o2)c1";"SXOULJFZLXEMCT-UHFFFAOYSA-N";"InChI=1S/C19H14F3NO2/c1-12-4-2-7-15(10-12)23-18(24)17-9-8-16(25-17)13-5-3-6-14(11-13)19(20,21)22/h2-11H,1H3,(H,23,24)";"False";"-1"
"CHEMBL250444";"";"";"Small molecule";"";"355.42";"1";"1";"3.91";"76.38";"4";"1";"0";"4";"N";"0.77";"None";"None";"3.05";"3.05";"3";"MOL";"-1";"25";"5";"1";"0";"355.0878";"-1.83";"NEUTRAL";"C19H17NO4S";"Cc1cccc(NC(=O)c2ccc(-c3ccc(S(C)(=O)=O)cc3)o2)c1";"IAVGDMHOLZCTBP-UHFFFAOYSA-N";"InChI=1S/C19H17NO4S/c1-13-4-3-5-15(12-13)20-19(21)18-11-10-17(24-18)14-6-8-16(9-7-14)25(2,22)23/h3-12H,1-2H3,(H,20,21)";"False";"-1"
"CHEMBL250876";"";"";"Small molecule";"";"352.82";"1";"1";"4.84";"45.48";"3";"1";"0";"3";"N";"0.73";"None";"3.44";"4.44";"4.44";"3";"MOL";"-1";"25";"4";"1";"0";"352.0979";"-1.53";"NEUTRAL";"C20H17ClN2O2";"CN1CCc2ccc(NC(=O)c3ccc(-c4ccc(Cl)cc4)o3)cc21";"GHZMGTAOVOLKRX-UHFFFAOYSA-N";"InChI=1S/C20H17ClN2O2/c1-23-11-10-13-4-7-16(12-17(13)23)22-20(24)19-9-8-18(25-19)14-2-5-15(21)6-3-14/h2-9,12H,10-11H2,1H3,(H,22,24)";"False";"-1"
"CHEMBL250877";"";"";"Small molecule";"";"366.85";"8";"16";"5.23";"45.48";"3";"1";"1";"3";"N";"0.69";"None";"4.61";"4.89";"4.89";"3";"MOL";"-1";"26";"4";"1";"1";"366.1135";"-1.78";"NEUTRAL";"C21H19ClN2O2";"CN1CCCc2cc(NC(=O)c3ccc(-c4ccc(Cl)cc4)o3)ccc21";"JQDQZOXTHDIVIV-UHFFFAOYSA-N";"InChI=1S/C21H19ClN2O2/c1-24-12-2-3-15-13-17(8-9-18(15)24)23-21(25)20-11-10-19(26-20)14-4-6-16(22)7-5-14/h4-11,13H,2-3,12H2,1H3,(H,23,25)";"False";"-1"
"CHEMBL3662077";"";"";"Small molecule";"";"445.50";"16";"45";"4.52";"72.47";"4";"1";"0";"7";"N";"0.67";"3.96";"None";"3.82";"2.88";"1";"MOL";"-1";"30";"5";"1";"0";"445.1535";"-0.33";"ACID";"C21H26F3NO4S";"CC1(COc2cc(F)c(C(=O)NS(=O)(=O)C3CC3)cc2C2CC2)CCC(F)(F)CC1";"XUCXIMYTIQZZHZ-UHFFFAOYSA-N";"InChI=1S/C21H26F3NO4S/c1-20(6-8-21(23,24)9-7-20)12-29-18-11-17(22)16(10-15(18)13-2-3-13)19(26)25-30(27,28)14-4-5-14/h10-11,13-14H,2-9,12H2,1H3,(H,25,26)";"False";"-1"
"CHEMBL3662190";"";"";"Small molecule";"";"435.56";"19";"78";"4.66";"72.47";"4";"1";"0";"7";"N";"0.68";"3.96";"None";"4.46";"3.52";"1";"MOL";"-1";"30";"5";"1";"0";"435.1880";"-0.19";"ACID";"C23H30FNO4S";"CC1(COc2cc(F)c(C(=O)NS(=O)(=O)C3CC3)cc2C2CC2)CCC2(CC1)CC2";"GFDXIUXAFNREKM-UHFFFAOYSA-N";"InChI=1S/C23H30FNO4S/c1-22(6-8-23(9-7-22)10-11-23)14-29-20-13-19(24)18(12-17(20)15-2-3-15)21(26)25-30(27,28)16-4-5-16/h12-13,15-16H,2-11,14H2,1H3,(H,25,26)";"False";"-1"
"CHEMBL1270208";"";"";"Small molecule";"";"421.81";"20";"36";"4.67";"64.11";"4";"1";"0";"6";"N";"0.63";"13.86";"3.32";"3.98";"3.98";"3";"MOL";"-1";"29";"5";"1";"0";"421.0805";"-1.98";"NEUTRAL";"C20H15ClF3N3O2";"O=C(NCc1cccnc1OCC(F)(F)F)c1cncc(-c2ccc(Cl)cc2)c1";"ZSKFKDOCPJGONT-UHFFFAOYSA-N";"InChI=1S/C20H15ClF3N3O2/c21-17-5-3-13(4-6-17)15-8-16(10-25-9-15)18(28)27-11-14-2-1-7-26-19(14)29-12-20(22,23)24/h1-10H,11-12H2,(H,27,28)";"False";"-1"
"CHEMBL1278044";"";"";"Small molecule";"";"328.38";"11";"16";"3.88";"78.67";"4";"1";"0";"3";"N";"0.79";"None";"None";"3.93";"3.93";"3";"MOL";"-1";"25";"5";"1";"0";"328.1324";"-1.75";"NEUTRAL";"C20H16N4O";"Cc1cc(C)cc(NC(=O)c2cncc(-c3ccc(C#N)cc3)n2)c1";"UFTSEYQJZURHKC-UHFFFAOYSA-N";"InChI=1S/C20H16N4O/c1-13-7-14(2)9-17(8-13)23-20(25)19-12-22-11-18(24-19)16-5-3-15(10-21)4-6-16/h3-9,11-12H,1-2H3,(H,23,25)";"False";"-1"
"CHEMBL4471012";"";"";"Unknown";"";"539.46";"12";"36";"5.02";"84.30";"6";"1";"2";"6";"N";"0.48";"3.92";"7.33";"2.80";"3.03";"3";"MOL";"-1";"35";"7";"1";"2";"538.1008";"-1.63";"ACID";"C24H25Cl2FN4O3S";"Cc1nn([C@@H]2CCN([C@H](C)c3cc(Cl)cc(Cl)c3)C2)c2cc(F)c(C(=O)NS(=O)(=O)C3CC3)cc12";"KQQXPTRMUYKUIC-RDTXWAMCSA-N";"InChI=1S/C24H25Cl2FN4O3S/c1-13-20-10-21(24(32)29-35(33,34)19-3-4-19)22(27)11-23(20)31(28-13)18-5-6-30(12-18)14(2)15-7-16(25)9-17(26)8-15/h7-11,14,18-19H,3-6,12H2,1-2H3,(H,29,32)/t14-,18-/m1/s1";"False";"-1"
"CHEMBL1277793";"";"";"Small molecule";"";"409.88";"1";"1";"2.96";"80.24";"6";"1";"0";"5";"N";"0.70";"12.66";"8.42";"2.03";"1.29";"3";"MOL";"-1";"29";"7";"1";"0";"409.1306";"-1.72";"NEUTRAL";"C21H20ClN5O2";"O=C(NCc1cnccc1N1CCOCC1)c1cncc(-c2ccc(Cl)cc2)n1";"OWOWAFKTRPQGDX-UHFFFAOYSA-N";"InChI=1S/C21H20ClN5O2/c22-17-3-1-15(2-4-17)18-13-24-14-19(26-18)21(28)25-12-16-11-23-6-5-20(16)27-7-9-29-10-8-27/h1-6,11,13-14H,7-10,12H2,(H,25,28)";"False";"-1"
"CHEMBL1277958";"";"";"Small molecule";"";"333.39";"5";"5";"4.10";"64.11";"4";"1";"0";"5";"N";"0.76";"None";"None";"3.76";"3.76";"3";"MOL";"-1";"25";"5";"1";"0";"333.1477";"-1.78";"NEUTRAL";"C20H19N3O2";"CCOc1ccc(-c2cncc(C(=O)Nc3cccc(C)c3)n2)cc1";"MDLXULGUOHLVMN-UHFFFAOYSA-N";"InChI=1S/C20H19N3O2/c1-3-25-17-9-7-15(8-10-17)18-12-21-13-19(23-18)20(24)22-16-6-4-5-14(2)11-16/h4-13H,3H2,1-2H3,(H,22,24)";"False";"-1"
"CHEMBL482677";"";"";"Small molecule";"";"304.78";"2";"2";"2.99";"36.69";"3";"0";"0";"2";"N";"0.86";"None";"6.52";"2.35";"2.30";"2";"MOL";"-1";"21";"4";"0";"0";"304.0979";"-1.51";"NEUTRAL";"C16H17ClN2O2";"CN1CCN(C(=O)c2ccc(-c3ccc(Cl)cc3)o2)CC1";"FTDIEBSIUGZEPF-UHFFFAOYSA-N";"InChI=1S/C16H17ClN2O2/c1-18-8-10-19(11-9-18)16(20)15-7-6-14(21-15)12-2-4-13(17)5-3-12/h2-7H,8-11H2,1H3";"False";"-1"
"CHEMBL269764";"";"";"Small molecule";"";"348.79";"1";"1";"5.40";"55.13";"3";"1";"1";"3";"N";"0.54";"13.88";"4.47";"4.45";"4.45";"4";"MOL";"-1";"25";"4";"1";"1";"348.0666";"-1.78";"NEUTRAL";"C20H13ClN2O2";"O=C(Nc1ccc2ncccc2c1)c1ccc(-c2ccc(Cl)cc2)o1";"MGDBZNLDOYTHOG-UHFFFAOYSA-N";"InChI=1S/C20H13ClN2O2/c21-15-5-3-13(4-6-15)18-9-10-19(25-18)20(24)23-16-7-8-17-14(12-16)2-1-11-22-17/h1-12H,(H,23,24)";"False";"-1"
"CHEMBL3950353";"";"";"Small molecule";"";"484.46";"17";"73";"4.50";"95.32";"7";"1";"0";"4";"N";"0.55";"6.52";"0.59";"4.02";"3.35";"3";"MOL";"-1";"32";"7";"1";"0";"484.0287";"-2.27";"NEUTRAL";"C19H12F4N4O3S2";"N#Cc1cc(C(F)(F)F)ccc1N1CCOc2cc(S(=O)(=O)Nc3nccs3)c(F)cc21";"YYWBVRDWEWYDOV-UHFFFAOYSA-N";"InChI=1S/C19H12F4N4O3S2/c20-13-8-15-16(9-17(13)32(28,29)26-18-25-3-6-31-18)30-5-4-27(15)14-2-1-12(19(21,22)23)7-11(14)10-24/h1-3,6-9H,4-5H2,(H,25,26)";"False";"-1"
"CHEMBL4444707";"";"";"Unknown";"";"563.01";"12";"31";"5.36";"75.71";"5";"1";"2";"8";"N";"0.44";"4.01";"7.12";"3.47";"3.72";"2";"MOL";"-1";"37";"6";"1";"2";"562.1316";"-1.42";"ACID";"C25H27ClF4N2O4S";"CS(=O)(=O)NC(=O)c1cc(C2CC2)c(OCC2CCN(Cc3cc(C(F)(F)F)ccc3Cl)CC2)cc1F";"KYBPOTYVFWNSGS-UHFFFAOYSA-N";"InChI=1S/C25H27ClF4N2O4S/c1-37(34,35)31-24(33)20-11-19(16-2-3-16)23(12-22(20)27)36-14-15-6-8-32(9-7-15)13-17-10-18(25(28,29)30)4-5-21(17)26/h4-5,10-12,15-16H,2-3,6-9,13-14H2,1H3,(H,31,33)";"False";"-1"
"CHEMBL250698";"";"";"Small molecule";"";"366.80";"1";"1";"4.63";"63.83";"4";"1";"0";"4";"N";"0.73";"13.71";"3.48";"4.13";"4.13";"3";"MOL";"-1";"26";"5";"1";"0";"366.0771";"-1.54";"NEUTRAL";"C20H15ClN2O3";"O=C(Nc1cccc(C2=NCCO2)c1)c1ccc(-c2ccc(Cl)cc2)o1";"HYGDVQUWLNEKQY-UHFFFAOYSA-N";"InChI=1S/C20H15ClN2O3/c21-15-6-4-13(5-7-15)17-8-9-18(26-17)19(24)23-16-3-1-2-14(12-16)20-22-10-11-25-20/h1-9,12H,10-11H2,(H,23,24)";"False";"-1"
